Path,RoundFolder,Project,ProjectYear,Species,DirName,AuditFigName,BaseFigName,keep,BaseFigPath
//NAS1/NAS3_2Mar15/All_HAPE/mnt/NAS1_2Jun14/Figs/KESRP_Lehua_2013_r1/KESRP_Lehua_2013_R1_CM02/KESRP_Lehua_2013_R1_CM02_dnnClass_HAPE_21May.csv,KESRP_Lehua_2013_r1,KESRP_Lehua_2013,2013,HAPE,KESRP_Lehua_2013_R1_CM02,KESRP_Lehua_2013_R1_CM02_dnnClass_HAPE_21May,KESRP_Lehua_2013_R1_CM02,0,\\NAS1/NAS3_2Mar15/All_HAPE/mnt/NAS1_2Jun14/Figs/KESRP_Lehua_2013_r1/KESRP_Lehua_2013_R1_CM02/KESRP_Lehua_2013_R1_CM02.fig
//NAS1/NAS3_2Mar15/All_HAPE/mnt/NAS1_2Jun14/Figs/KESRP_Lehua_2013_r1/KESRP_Lehua_2013_R1_CM02/KESRP_Lehua_2013_R1_CM02_dnnClass_audit_HAPE_21May.csv,KESRP_Lehua_2013_r1,KESRP_Lehua_2013,2013,HAPE,KESRP_Lehua_2013_R1_CM02,KESRP_Lehua_2013_R1_CM02_dnnClass_audit_HAPE_21May,KESRP_Lehua_2013_R1_CM02,1,\\NAS1/NAS3_2Mar15/All_HAPE/mnt/NAS1_2Jun14/Figs/KESRP_Lehua_2013_r1/KESRP_Lehua_2013_R1_CM02/KESRP_Lehua_2013_R1_CM02.fig
//NAS1/NAS3_2Mar15/All_HAPE/mnt/NAS1_2Jun14/Figs/KESRP_Lehua_2013_r1/KESRP_Lehua_2013_R1_CM07/KESRP_Lehua_2013_R1_CM07_dnnClass_HAPE_21May.csv,KESRP_Lehua_2013_r1,KESRP_Lehua_2013,2013,HAPE,KESRP_Lehua_2013_R1_CM07,KESRP_Lehua_2013_R1_CM07_dnnClass_HAPE_21May,KESRP_Lehua_2013_R1_CM07,0,\\NAS1/NAS3_2Mar15/All_HAPE/mnt/NAS1_2Jun14/Figs/KESRP_Lehua_2013_r1/KESRP_Lehua_2013_R1_CM07/KESRP_Lehua_2013_R1_CM07.fig
//NAS1/NAS3_2Mar15/All_HAPE/mnt/NAS1_2Jun14/Figs/KESRP_Lehua_2013_r1/KESRP_Lehua_2013_R1_CM07/KESRP_Lehua_2013_R1_CM07_dnnClass_audit_HAPE_21May.csv,KESRP_Lehua_2013_r1,KESRP_Lehua_2013,2013,HAPE,KESRP_Lehua_2013_R1_CM07,KESRP_Lehua_2013_R1_CM07_dnnClass_audit_HAPE_21May,KESRP_Lehua_2013_R1_CM07,1,\\NAS1/NAS3_2Mar15/All_HAPE/mnt/NAS1_2Jun14/Figs/KESRP_Lehua_2013_r1/KESRP_Lehua_2013_R1_CM07/KESRP_Lehua_2013_R1_CM07.fig
//NAS1/NAS3_2Mar15/All_HAPE/mnt/NAS1_2Jun14/Figs/KESRP_Lehua_2013_r1/KESRP_Lehua_2013_R1_CM08/KESRP_Lehua_2013_R1_CM08_dnnClass_HAPE_21May.csv,KESRP_Lehua_2013_r1,KESRP_Lehua_2013,2013,HAPE,KESRP_Lehua_2013_R1_CM08,KESRP_Lehua_2013_R1_CM08_dnnClass_HAPE_21May,KESRP_Lehua_2013_R1_CM08,0,\\NAS1/NAS3_2Mar15/All_HAPE/mnt/NAS1_2Jun14/Figs/KESRP_Lehua_2013_r1/KESRP_Lehua_2013_R1_CM08/KESRP_Lehua_2013_R1_CM08.fig
//NAS1/NAS3_2Mar15/All_HAPE/mnt/NAS1_2Jun14/Figs/KESRP_Lehua_2013_r1/KESRP_Lehua_2013_R1_CM08/KESRP_Lehua_2013_R1_CM08_dnnClass_audit_HAPE_21May.csv,KESRP_Lehua_2013_r1,KESRP_Lehua_2013,2013,HAPE,KESRP_Lehua_2013_R1_CM08,KESRP_Lehua_2013_R1_CM08_dnnClass_audit_HAPE_21May,KESRP_Lehua_2013_R1_CM08,1,\\NAS1/NAS3_2Mar15/All_HAPE/mnt/NAS1_2Jun14/Figs/KESRP_Lehua_2013_r1/KESRP_Lehua_2013_R1_CM08/KESRP_Lehua_2013_R1_CM08.fig
//NAS1/NAS3_2Mar15/All_HAPE/mnt/NAS1_2Jun14/Figs/KESRP_Lehua_2014_r2/Lehua1_28Feb14/Lehua1_28Feb14_dnnClass_audit_HAPE_21May.csv,KESRP_Lehua_2014_r2,KESRP_Lehua_2014,2014,HAPE,Lehua1_28Feb14,Lehua1_28Feb14_dnnClass_audit_HAPE_21May,Lehua1_28Feb14,1,\\NAS1/NAS3_2Mar15/All_HAPE/mnt/NAS1_2Jun14/Figs/KESRP_Lehua_2014_r2/Lehua1_28Feb14/Lehua1_28Feb14.fig
//NAS1/NAS3_2Mar15/All_HAPE/mnt/NAS1_2Jun14/Figs/KESRP_Lehua_2014_r2/Lehua1_28Feb14/Lehua1_28Feb14_dnnClass_HAPE_21May.csv,KESRP_Lehua_2014_r2,KESRP_Lehua_2014,2014,HAPE,Lehua1_28Feb14,Lehua1_28Feb14_dnnClass_HAPE_21May,Lehua1_28Feb14,0,\\NAS1/NAS3_2Mar15/All_HAPE/mnt/NAS1_2Jun14/Figs/KESRP_Lehua_2014_r2/Lehua1_28Feb14/Lehua1_28Feb14.fig
//NAS1/NAS3_2Mar15/All_HAPE/mnt/NAS1_2Jun14/Figs/KESRP_Lehua_2014_r2/Lehua1_28Feb14/Lehua1_28Feb14_audit_HAPE_21May.csv,KESRP_Lehua_2014_r2,KESRP_Lehua_2014,2014,HAPE,Lehua1_28Feb14,Lehua1_28Feb14_audit_HAPE_21May,Lehua1_28Feb14,0,\\NAS1/NAS3_2Mar15/All_HAPE/mnt/NAS1_2Jun14/Figs/KESRP_Lehua_2014_r2/Lehua1_28Feb14/Lehua1_28Feb14.fig
//NAS1/NAS3_2Mar15/All_HAPE/mnt/NAS1_2Jun14/Figs/KESRP_Lehua_2014_r2/Lehua2_28Feb14/Lehua2_28Feb14_dnnClass_HAPE_21May.csv,KESRP_Lehua_2014_r2,KESRP_Lehua_2014,2014,HAPE,Lehua2_28Feb14,Lehua2_28Feb14_dnnClass_HAPE_21May,Lehua2_28Feb14,0,\\NAS1/NAS3_2Mar15/All_HAPE/mnt/NAS1_2Jun14/Figs/KESRP_Lehua_2014_r2/Lehua2_28Feb14/Lehua2_28Feb14.fig
//NAS1/NAS3_2Mar15/All_HAPE/mnt/NAS1_2Jun14/Figs/KESRP_Lehua_2014_r2/Lehua2_28Feb14/Lehua2_28Feb14_dnnClass_audit_HAPE_21May.csv,KESRP_Lehua_2014_r2,KESRP_Lehua_2014,2014,HAPE,Lehua2_28Feb14,Lehua2_28Feb14_dnnClass_audit_HAPE_21May,Lehua2_28Feb14,1,\\NAS1/NAS3_2Mar15/All_HAPE/mnt/NAS1_2Jun14/Figs/KESRP_Lehua_2014_r2/Lehua2_28Feb14/Lehua2_28Feb14.fig
//NAS1/NAS3_2Mar15/All_HAPE/mnt/NAS1_2Jun14/Figs/KESRP_Lehua_2014_r2/Lehua3_28Feb14/Lehua3_28Feb14_dnnClass_HAPE_21May.csv,KESRP_Lehua_2014_r2,KESRP_Lehua_2014,2014,HAPE,Lehua3_28Feb14,Lehua3_28Feb14_dnnClass_HAPE_21May,Lehua3_28Feb14,0,\\NAS1/NAS3_2Mar15/All_HAPE/mnt/NAS1_2Jun14/Figs/KESRP_Lehua_2014_r2/Lehua3_28Feb14/Lehua3_28Feb14.fig
//NAS1/NAS3_2Mar15/All_HAPE/mnt/NAS1_2Jun14/Figs/KESRP_Lehua_2014_r2/Lehua3_28Feb14/Lehua3_28Feb14_dnnClass_audit_HAPE_21May.csv,KESRP_Lehua_2014_r2,KESRP_Lehua_2014,2014,HAPE,Lehua3_28Feb14,Lehua3_28Feb14_dnnClass_audit_HAPE_21May,Lehua3_28Feb14,1,\\NAS1/NAS3_2Mar15/All_HAPE/mnt/NAS1_2Jun14/Figs/KESRP_Lehua_2014_r2/Lehua3_28Feb14/Lehua3_28Feb14.fig
//NAS1/NAS3_2Mar15/All_HAPE/mnt/NAS1_2Jun14/Figs/KESRP_ULPHONO_2013/HNP/ROV4_June3_2013/ROV4_June3_2013_audit_HAPE_21Apr14.csv,KESRP_ULPHONO_2013,KESRP_ULPHONO_2013,2013,HAPE,HNP,ROV4_June3_2013_audit_HAPE_21Apr14,ROV4_June3_2013,1,\\NAS1/NAS3_2Mar15/All_HAPE/mnt/NAS1_2Jun14/Figs/KESRP_ULPHONO_2013/HNP/ROV4_June3_2013/ROV4_June3_2013.fig
//NAS1/NAS3_2Mar15/All_HAPE/mnt/NAS1_2Jun14/Figs/KESRP_ULPHONO_2013/HNP/ROV4_June3_2013/ROV4_June3_2013_audit_ae_HAPE_21Apr14.csv,KESRP_ULPHONO_2013,KESRP_ULPHONO_2013,2013,HAPE,HNP,ROV4_June3_2013_audit_ae_HAPE_21Apr14,ROV4_June3_2013,0,\\NAS1/NAS3_2Mar15/All_HAPE/mnt/NAS1_2Jun14/Figs/KESRP_ULPHONO_2013/HNP/ROV4_June3_2013/ROV4_June3_2013.fig
//NAS1/NAS3_2Mar15/All_HAPE/mnt/NAS1_2Jun14/Figs/KESRP_ULPHONO_2013/HNP_r2/9 July_ROV1/9 July_ROV1_audit_HAPE_21Apr14.csv,KESRP_ULPHONO_2013,KESRP_ULPHONO_2013,2013,HAPE,HNP_r2,9 July_ROV1_audit_HAPE_21Apr14,9 July_ROV1,1,\\NAS1/NAS3_2Mar15/All_HAPE/mnt/NAS1_2Jun14/Figs/KESRP_ULPHONO_2013/HNP_r2/9 July_ROV1/9 July_ROV1.fig
//NAS1/NAS3_2Mar15/All_HAPE/mnt/NAS1_2Jun14/Figs/KESRP_ULPHONO_2013/HNP_r2/9 July_ROV1/9 July_ROV1_audit_ae_HAPE_21Apr14.csv,KESRP_ULPHONO_2013,KESRP_ULPHONO_2013,2013,HAPE,HNP_r2,9 July_ROV1_audit_ae_HAPE_21Apr14,9 July_ROV1,0,\\NAS1/NAS3_2Mar15/All_HAPE/mnt/NAS1_2Jun14/Figs/KESRP_ULPHONO_2013/HNP_r2/9 July_ROV1/9 July_ROV1.fig
//NAS1/NAS3_2Mar15/All_HAPE/mnt/NAS1_2Jun14/Figs/KESRP_ULPHONO_2013/HNP_r2/July10_Pihea3/July10_Pihea3_audit_HAPE_21Apr14.csv,KESRP_ULPHONO_2013,KESRP_ULPHONO_2013,2013,HAPE,HNP_r2,July10_Pihea3_audit_HAPE_21Apr14,July10_Pihea3,1,\\NAS1/NAS3_2Mar15/All_HAPE/mnt/NAS1_2Jun14/Figs/KESRP_ULPHONO_2013/HNP_r2/July10_Pihea3/July10_Pihea3.fig
//NAS1/NAS3_2Mar15/All_HAPE/mnt/NAS1_2Jun14/Figs/KESRP_ULPHONO_2013/HNP_r2/July10_Pihea3/July10_Pihea3_audit_ae_HAPE_21Apr14.csv,KESRP_ULPHONO_2013,KESRP_ULPHONO_2013,2013,HAPE,HNP_r2,July10_Pihea3_audit_ae_HAPE_21Apr14,July10_Pihea3,0,\\NAS1/NAS3_2Mar15/All_HAPE/mnt/NAS1_2Jun14/Figs/KESRP_ULPHONO_2013/HNP_r2/July10_Pihea3/July10_Pihea3.fig
//NAS1/NAS3_2Mar15/All_HAPE/mnt/NAS1_2Jun14/Figs/KESRP_ULPHONO_2013/HNP_r3_sep13/NBOG2_Sept10_2013/NBOG2_Sept10_2013_audit_HAPE_21Apr14.csv,KESRP_ULPHONO_2013,KESRP_ULPHONO_2013,2013,HAPE,HNP_r3_sep13,NBOG2_Sept10_2013_audit_HAPE_21Apr14,NBOG2_Sept10_2013,1,\\NAS1/NAS3_2Mar15/All_HAPE/mnt/NAS1_2Jun14/Figs/KESRP_ULPHONO_2013/HNP_r3_sep13/NBOG2_Sept10_2013/NBOG2_Sept10_2013.fig
//NAS1/NAS3_2Mar15/All_HAPE/mnt/NAS1_2Jun14/Figs/KESRP_ULPHONO_2013/HNP_r3_sep13/NBOG2_Sept10_2013/NBOG2_Sept10_2013_audit_ae_HAPE_21Apr14.csv,KESRP_ULPHONO_2013,KESRP_ULPHONO_2013,2013,HAPE,HNP_r3_sep13,NBOG2_Sept10_2013_audit_ae_HAPE_21Apr14,NBOG2_Sept10_2013,0,\\NAS1/NAS3_2Mar15/All_HAPE/mnt/NAS1_2Jun14/Figs/KESRP_ULPHONO_2013/HNP_r3_sep13/NBOG2_Sept10_2013/NBOG2_Sept10_2013.fig
//NAS1/NAS3_2Mar15/All_HAPE/mnt/NAS1_2Jun14/Figs/KESRP_ULPHONO_2013/HNP_r3_sep13/Pohakea1_Aug13_2013/Pohakea1_Aug13_2013_audit_HAPE_21Apr14.csv,KESRP_ULPHONO_2013,KESRP_ULPHONO_2013,2013,HAPE,HNP_r3_sep13,Pohakea1_Aug13_2013_audit_HAPE_21Apr14,Pohakea1_Aug13_2013,1,\\NAS1/NAS3_2Mar15/All_HAPE/mnt/NAS1_2Jun14/Figs/KESRP_ULPHONO_2013/HNP_r3_sep13/Pohakea1_Aug13_2013/Pohakea1_Aug13_2013.fig
//NAS1/NAS3_2Mar15/All_HAPE/mnt/NAS1_2Jun14/Figs/KESRP_ULPHONO_2013/HNP_r3_sep13/Pohakea1_Aug13_2013/Pohakea1_Aug13_2013_audit_ae_HAPE_21Apr14.csv,KESRP_ULPHONO_2013,KESRP_ULPHONO_2013,2013,HAPE,HNP_r3_sep13,Pohakea1_Aug13_2013_audit_ae_HAPE_21Apr14,Pohakea1_Aug13_2013,0,\\NAS1/NAS3_2Mar15/All_HAPE/mnt/NAS1_2Jun14/Figs/KESRP_ULPHONO_2013/HNP_r3_sep13/Pohakea1_Aug13_2013/Pohakea1_Aug13_2013.fig
//NAS1/NAS3_2Mar15/All_HAPE/mnt/NAS1_2Jun14/Figs/KESRP_ULPHONO_2013/HNP_r3_sep13/Pohakea2_Aug13_2013/Pohakea2_Aug13_2013_audit_HAPE_21Apr14.csv,KESRP_ULPHONO_2013,KESRP_ULPHONO_2013,2013,HAPE,HNP_r3_sep13,Pohakea2_Aug13_2013_audit_HAPE_21Apr14,Pohakea2_Aug13_2013,1,\\NAS1/NAS3_2Mar15/All_HAPE/mnt/NAS1_2Jun14/Figs/KESRP_ULPHONO_2013/HNP_r3_sep13/Pohakea2_Aug13_2013/Pohakea2_Aug13_2013.fig
//NAS1/NAS3_2Mar15/All_HAPE/mnt/NAS1_2Jun14/Figs/KESRP_ULPHONO_2013/HNP_r3_sep13/Pohakea2_Aug13_2013/Pohakea2_Aug13_2013_audit_ae_HAPE_21Apr14.csv,KESRP_ULPHONO_2013,KESRP_ULPHONO_2013,2013,HAPE,HNP_r3_sep13,Pohakea2_Aug13_2013_audit_ae_HAPE_21Apr14,Pohakea2_Aug13_2013,0,\\NAS1/NAS3_2Mar15/All_HAPE/mnt/NAS1_2Jun14/Figs/KESRP_ULPHONO_2013/HNP_r3_sep13/Pohakea2_Aug13_2013/Pohakea2_Aug13_2013.fig
//NAS1/NAS3_2Mar15/All_HAPE/mnt/NAS1_2Jun14/Figs/KESRP_ULPHONO_2013/HNP_round5/Pohakea3_Jan3/Pohakea3_Jan3_audit_HAPE_21Apr14.csv,KESRP_ULPHONO_2013,KESRP_ULPHONO_2013,2013,HAPE,HNP_round5,Pohakea3_Jan3_audit_HAPE_21Apr14,Pohakea3_Jan3,1,\\NAS1/NAS3_2Mar15/All_HAPE/mnt/NAS1_2Jun14/Figs/KESRP_ULPHONO_2013/HNP_round5/Pohakea3_Jan3/Pohakea3_Jan3.fig
//NAS1/NAS3_2Mar15/All_HAPE/mnt/NAS1_2Jun14/Figs/KESRP_ULPHONO_2013/HNP_round5/Pohakea3_Jan3/Pohakea3_Jan3_audit_DS_HAPE_21Apr14.csv,KESRP_ULPHONO_2013,KESRP_ULPHONO_2013,2013,HAPE,HNP_round5,Pohakea3_Jan3_audit_DS_HAPE_21Apr14,Pohakea3_Jan3,0,\\NAS1/NAS3_2Mar15/All_HAPE/mnt/NAS1_2Jun14/Figs/KESRP_ULPHONO_2013/HNP_round5/Pohakea3_Jan3/Pohakea3_Jan3.fig
//NAS1/NAS3_2Mar15/All_HAPE/mnt/NAS1_2Jun14/Figs/KESRP_ULPHONO_2013/KESRP_HNP_Round_4_NOV25/NBOG4_Oct15/NBOG4_Oct15_audit_HAPE_21Apr14.csv,KESRP_ULPHONO_2013,KESRP_ULPHONO_2013,2013,HAPE,KESRP_HNP_Round_4_NOV25,NBOG4_Oct15_audit_HAPE_21Apr14,NBOG4_Oct15,1,\\NAS1/NAS3_2Mar15/All_HAPE/mnt/NAS1_2Jun14/Figs/KESRP_ULPHONO_2013/KESRP_HNP_Round_4_NOV25/NBOG4_Oct15/NBOG4_Oct15.fig
//NAS1/NAS3_2Mar15/All_HAPE/mnt/NAS1_2Jun14/Figs/KESRP_ULPHONO_2013/KESRP_HNP_Round_4_NOV25/NBOG4_Oct15/NBOG4_Oct15_audit_DS_HAPE_21Apr14.csv,KESRP_ULPHONO_2013,KESRP_ULPHONO_2013,2013,HAPE,KESRP_HNP_Round_4_NOV25,NBOG4_Oct15_audit_DS_HAPE_21Apr14,NBOG4_Oct15,0,\\NAS1/NAS3_2Mar15/All_HAPE/mnt/NAS1_2Jun14/Figs/KESRP_ULPHONO_2013/KESRP_HNP_Round_4_NOV25/NBOG4_Oct15/NBOG4_Oct15.fig
//NAS1/NAS3_2Mar15/All_HAPE/mnt/NAS1_2Jun14/Figs/KESRP_ULPHONO_2013/KESRP_HNP_Round_4_NOV25/Pohak2_2Oct_2013/Pohak2_2Oct_2013_audit_HAPE_21Apr14.csv,KESRP_ULPHONO_2013,KESRP_ULPHONO_2013,2013,HAPE,KESRP_HNP_Round_4_NOV25,Pohak2_2Oct_2013_audit_HAPE_21Apr14,Pohak2_2Oct_2013,1,\\NAS1/NAS3_2Mar15/All_HAPE/mnt/NAS1_2Jun14/Figs/KESRP_ULPHONO_2013/KESRP_HNP_Round_4_NOV25/Pohak2_2Oct_2013/Pohak2_2Oct_2013.fig
//NAS1/NAS3_2Mar15/All_HAPE/mnt/NAS1_2Jun14/Figs/KESRP_ULPHONO_2013/KESRP_HNP_Round_4_NOV25/Pohak2_2Oct_2013/Pohak2_2Oct_2013_audit_DS_HAPE_21Apr14.csv,KESRP_ULPHONO_2013,KESRP_ULPHONO_2013,2013,HAPE,KESRP_HNP_Round_4_NOV25,Pohak2_2Oct_2013_audit_DS_HAPE_21Apr14,Pohak2_2Oct_2013,0,\\NAS1/NAS3_2Mar15/All_HAPE/mnt/NAS1_2Jun14/Figs/KESRP_ULPHONO_2013/KESRP_HNP_Round_4_NOV25/Pohak2_2Oct_2013/Pohak2_2Oct_2013.fig
//NAS1/NAS3_2Mar15/All_HAPE/mnt/NAS1_2Jun14/Figs/KESRP_ULPHONO_2013/ULP/ULP2_Jun2/ULP2_Jun2_audit_HAPE_21Apr14.csv,KESRP_ULPHONO_2013,KESRP_ULPHONO_2013,2013,HAPE,ULP,ULP2_Jun2_audit_HAPE_21Apr14,ULP2_Jun2,1,\\NAS1/NAS3_2Mar15/All_HAPE/mnt/NAS1_2Jun14/Figs/KESRP_ULPHONO_2013/ULP/ULP2_Jun2/ULP2_Jun2.fig
//NAS1/NAS3_2Mar15/All_HAPE/mnt/NAS1_2Jun14/Figs/KESRP_ULPHONO_2013/ULP/ULP2_Jun2/ULP2_Jun2_audit_DS_HAPE_21Apr14.csv,KESRP_ULPHONO_2013,KESRP_ULPHONO_2013,2013,HAPE,ULP,ULP2_Jun2_audit_DS_HAPE_21Apr14,ULP2_Jun2,0,\\NAS1/NAS3_2Mar15/All_HAPE/mnt/NAS1_2Jun14/Figs/KESRP_ULPHONO_2013/ULP/ULP2_Jun2/ULP2_Jun2.fig
//NAS1/NAS3_2Mar15/All_HAPE/mnt/NAS1_2Jun14/Figs/KESRP_ULPHONO_2013/ULP_r2/ULP6_Jul12/ULP6_Jul12_audit_HAPE_21Apr14.csv,KESRP_ULPHONO_2013,KESRP_ULPHONO_2013,2013,HAPE,ULP_r2,ULP6_Jul12_audit_HAPE_21Apr14,ULP6_Jul12,1,\\NAS1/NAS3_2Mar15/All_HAPE/mnt/NAS1_2Jun14/Figs/KESRP_ULPHONO_2013/ULP_r2/ULP6_Jul12/ULP6_Jul12.fig
//NAS1/NAS3_2Mar15/All_HAPE/mnt/NAS1_2Jun14/Figs/KESRP_ULPHONO_2013/ULP_r2/ULP6_Jul12/ULP6_Jul12_audit_DS_HAPE_21Apr14.csv,KESRP_ULPHONO_2013,KESRP_ULPHONO_2013,2013,HAPE,ULP_r2,ULP6_Jul12_audit_DS_HAPE_21Apr14,ULP6_Jul12,0,\\NAS1/NAS3_2Mar15/All_HAPE/mnt/NAS1_2Jun14/Figs/KESRP_ULPHONO_2013/ULP_r2/ULP6_Jul12/ULP6_Jul12.fig
//NAS1/NAS3_2Mar15/All_HAPE/mnt/NAS1_2Jun14/Figs/KESRP_ULPHONO_2014_R4/Pihea3_29May14/Pihea3_29May14_audit_HAPE_Pihea2_30May14.csv,KESRP_ULPHONO_2014_R4,KESRP_ULPHONO_2014,2014,HAPE,Pihea3_29May14,Pihea3_29May14_audit_HAPE_Pihea2_30May14,Pihea3_29May14,0,\\NAS1/NAS3_2Mar15/All_HAPE/mnt/NAS1_2Jun14/Figs/KESRP_ULPHONO_2014_R4/Pihea3_29May14/Pihea3_29May14.fig
//NAS1/NAS3_2Mar15/All_HAPE/mnt/NAS1_2Jun14/Figs/KESRP_ULPHONO_2014_R4/Pihea3_29May14/Pihea3_29May14_audited95_HAPE_21Jun14.csv,KESRP_ULPHONO_2014_R4,KESRP_ULPHONO_2014,2014,HAPE,Pihea3_29May14,Pihea3_29May14_audited95_HAPE_21Jun14,Pihea3_29May14,0,\\NAS1/NAS3_2Mar15/All_HAPE/mnt/NAS1_2Jun14/Figs/KESRP_ULPHONO_2014_R4/Pihea3_29May14/Pihea3_29May14.fig
//NAS1/NAS3_2Mar15/All_HAPE/mnt/NAS1_2Jun14/Figs/KESRP_ULPHONO_2014_R4/Pihea3_29May14/Pihea3_29May14_dnnClass_HAPE_21Jun14.csv,KESRP_ULPHONO_2014_R4,KESRP_ULPHONO_2014,2014,HAPE,Pihea3_29May14,Pihea3_29May14_dnnClass_HAPE_21Jun14,Pihea3_29May14,0,\\NAS1/NAS3_2Mar15/All_HAPE/mnt/NAS1_2Jun14/Figs/KESRP_ULPHONO_2014_R4/Pihea3_29May14/Pihea3_29May14.fig
//NAS1/NAS3_2Mar15/All_HAPE/mnt/NAS1_2Jun14/Figs/KESRP_ULPHONO_2014_R4/Pihea3_29May14/Pihea3_29May14_audit_HAPE_21Jun14.csv,KESRP_ULPHONO_2014_R4,KESRP_ULPHONO_2014,2014,HAPE,Pihea3_29May14,Pihea3_29May14_audit_HAPE_21Jun14,Pihea3_29May14,1,\\NAS1/NAS3_2Mar15/All_HAPE/mnt/NAS1_2Jun14/Figs/KESRP_ULPHONO_2014_R4/Pihea3_29May14/Pihea3_29May14.fig
//NAS1/NAS3_2Mar15/All_HAPE/mnt/NAS1_2Jun14/Figs/KESRP_ULPHONO_2014_R4/Pihea4_7May14/Pihea4_7May14_audited95_HAPE_21Jun14.csv,KESRP_ULPHONO_2014_R4,KESRP_ULPHONO_2014,2014,HAPE,Pihea4_7May14,Pihea4_7May14_audited95_HAPE_21Jun14,Pihea4_7May14,1,\\NAS1/NAS3_2Mar15/All_HAPE/mnt/NAS1_2Jun14/Figs/KESRP_ULPHONO_2014_R4/Pihea4_7May14/Pihea4_7May14.fig
//NAS1/NAS3_2Mar15/All_HAPE/mnt/NAS1_2Jun14/Figs/KESRP_ULPHONO_2014_R4/Pihea4_7May14/Pihea4_7May14_dnnClass_HAPE_21Jun14.csv,KESRP_ULPHONO_2014_R4,KESRP_ULPHONO_2014,2014,HAPE,Pihea4_7May14,Pihea4_7May14_dnnClass_HAPE_21Jun14,Pihea4_7May14,0,\\NAS1/NAS3_2Mar15/All_HAPE/mnt/NAS1_2Jun14/Figs/KESRP_ULPHONO_2014_R4/Pihea4_7May14/Pihea4_7May14.fig
//NAS1/NAS3_2Mar15/All_HAPE/mnt/NAS1_2Jun14/Figs/KESRP_ULPHONO_2014_R4/Pihea4_7May14/Pihea4_7May14_audit_HAPE_Pihea2_30May14.csv,KESRP_ULPHONO_2014_R4,KESRP_ULPHONO_2014,2014,HAPE,Pihea4_7May14,Pihea4_7May14_audit_HAPE_Pihea2_30May14,Pihea4_7May14,0,\\NAS1/NAS3_2Mar15/All_HAPE/mnt/NAS1_2Jun14/Figs/KESRP_ULPHONO_2014_R4/Pihea4_7May14/Pihea4_7May14.fig
//NAS1/NAS3_2Mar15/All_HAPE/mnt/NAS1_2Jun14/Figs/KESRP_ULPHONO_2014_R4/ROVFW1_13June14/ROVFW1_13June14_audited95_HAPE_21Jun14.csv,KESRP_ULPHONO_2014_R4,KESRP_ULPHONO_2014,2014,HAPE,ROVFW1_13June14,ROVFW1_13June14_audited95_HAPE_21Jun14,ROVFW1_13June14,1,\\NAS1/NAS3_2Mar15/All_HAPE/mnt/NAS1_2Jun14/Figs/KESRP_ULPHONO_2014_R4/ROVFW1_13June14/ROVFW1_13June14.fig
//NAS1/NAS3_2Mar15/All_HAPE/mnt/NAS1_2Jun14/Figs/KESRP_ULPHONO_2014_R4/ROVFW1_13June14/ROVFW1_13June14_dnnClass_HAPE_21Jun14.csv,KESRP_ULPHONO_2014_R4,KESRP_ULPHONO_2014,2014,HAPE,ROVFW1_13June14,ROVFW1_13June14_dnnClass_HAPE_21Jun14,ROVFW1_13June14,0,\\NAS1/NAS3_2Mar15/All_HAPE/mnt/NAS1_2Jun14/Figs/KESRP_ULPHONO_2014_R4/ROVFW1_13June14/ROVFW1_13June14.fig
//NAS1/NAS3_2Mar15/All_HAPE/mnt/NAS1_2Jun14/Figs/KESRP_ULPHONO_2014_R4/ROVFW2_12June14/ROVFW2_12June14_dnnClass_HAPE_21Jun14.csv,KESRP_ULPHONO_2014_R4,KESRP_ULPHONO_2014,2014,HAPE,ROVFW2_12June14,ROVFW2_12June14_dnnClass_HAPE_21Jun14,ROVFW2_12June14,0,\\NAS1/NAS3_2Mar15/All_HAPE/mnt/NAS1_2Jun14/Figs/KESRP_ULPHONO_2014_R4/ROVFW2_12June14/ROVFW2_12June14.fig
//NAS1/NAS3_2Mar15/All_HAPE/mnt/NAS1_2Jun14/Figs/KESRP_ULPHONO_2014_R4/ROVFW2_12June14/ROVFW2_12June14_audited95_HAPE_21Jun14.csv,KESRP_ULPHONO_2014_R4,KESRP_ULPHONO_2014,2014,HAPE,ROVFW2_12June14,ROVFW2_12June14_audited95_HAPE_21Jun14,ROVFW2_12June14,1,\\NAS1/NAS3_2Mar15/All_HAPE/mnt/NAS1_2Jun14/Figs/KESRP_ULPHONO_2014_R4/ROVFW2_12June14/ROVFW2_12June14.fig
//NAS1/NAS3_2Mar15/All_HAPE/mnt/NAS1_2Jun14/Figs/KESRP_ULPHONO_2014_R4/ROVFW3_12June14/ROVFW3_12June14_dnnClass_HAPE_21Jun14.csv,KESRP_ULPHONO_2014_R4,KESRP_ULPHONO_2014,2014,HAPE,ROVFW3_12June14,ROVFW3_12June14_dnnClass_HAPE_21Jun14,ROVFW3_12June14,0,\\NAS1/NAS3_2Mar15/All_HAPE/mnt/NAS1_2Jun14/Figs/KESRP_ULPHONO_2014_R4/ROVFW3_12June14/ROVFW3_12June14.fig
//NAS1/NAS3_2Mar15/All_HAPE/mnt/NAS1_2Jun14/Figs/KESRP_ULPHONO_2014_R4/ROVFW3_12June14/ROVFW3_12June14_audited95_HAPE_21Jun14.csv,KESRP_ULPHONO_2014_R4,KESRP_ULPHONO_2014,2014,HAPE,ROVFW3_12June14,ROVFW3_12June14_audited95_HAPE_21Jun14,ROVFW3_12June14,1,\\NAS1/NAS3_2Mar15/All_HAPE/mnt/NAS1_2Jun14/Figs/KESRP_ULPHONO_2014_R4/ROVFW3_12June14/ROVFW3_12June14.fig
//NAS1/NAS3_2Mar15/All_HAPE/mnt/NAS1_2Jun14/Figs/KESRP_ULPHONO_2014_R4/ROVFW4_13June14/ROVFW4_13June14_dnnClass_HAPE_21Jun14.csv,KESRP_ULPHONO_2014_R4,KESRP_ULPHONO_2014,2014,HAPE,ROVFW4_13June14,ROVFW4_13June14_dnnClass_HAPE_21Jun14,ROVFW4_13June14,0,\\NAS1/NAS3_2Mar15/All_HAPE/mnt/NAS1_2Jun14/Figs/KESRP_ULPHONO_2014_R4/ROVFW4_13June14/ROVFW4_13June14.fig
//NAS1/NAS3_2Mar15/All_HAPE/mnt/NAS1_2Jun14/Figs/KESRP_ULPHONO_2014_R4/ROVFW4_13June14/ROVFW4_13June14_audited95_HAPE_21Jun14.csv,KESRP_ULPHONO_2014_R4,KESRP_ULPHONO_2014,2014,HAPE,ROVFW4_13June14,ROVFW4_13June14_audited95_HAPE_21Jun14,ROVFW4_13June14,1,\\NAS1/NAS3_2Mar15/All_HAPE/mnt/NAS1_2Jun14/Figs/KESRP_ULPHONO_2014_R4/ROVFW4_13June14/ROVFW4_13June14.fig
//NAS1/NAS3_2Mar15/All_HAPE/mnt/NAS1_2Jun14/Figs/KESRP_ULPHONO_2014_R4/ROVFW6_13June14/ROVFW6_13June14_dnnClass_HAPE_21Jun14.csv,KESRP_ULPHONO_2014_R4,KESRP_ULPHONO_2014,2014,HAPE,ROVFW6_13June14,ROVFW6_13June14_dnnClass_HAPE_21Jun14,ROVFW6_13June14,0,\\NAS1/NAS3_2Mar15/All_HAPE/mnt/NAS1_2Jun14/Figs/KESRP_ULPHONO_2014_R4/ROVFW6_13June14/ROVFW6_13June14.fig
//NAS1/NAS3_2Mar15/All_HAPE/mnt/NAS1_2Jun14/Figs/KESRP_ULPHONO_2014_R4/ROVFW6_13June14/ROVFW6_13June14_audited95_HAPE_21Jun14.csv,KESRP_ULPHONO_2014_R4,KESRP_ULPHONO_2014,2014,HAPE,ROVFW6_13June14,ROVFW6_13June14_audited95_HAPE_21Jun14,ROVFW6_13June14,1,\\NAS1/NAS3_2Mar15/All_HAPE/mnt/NAS1_2Jun14/Figs/KESRP_ULPHONO_2014_R4/ROVFW6_13June14/ROVFW6_13June14.fig
//NAS1/NAS3_2Mar15/All_HAPE/mnt/NAS1_2Jun14/Figs/KESRP_ULPHONO_2014_R4/ROVFW7_13June14/ROVFW7_13June14_audited95_HAPE_21Jun14.csv,KESRP_ULPHONO_2014_R4,KESRP_ULPHONO_2014,2014,HAPE,ROVFW7_13June14,ROVFW7_13June14_audited95_HAPE_21Jun14,ROVFW7_13June14,0,\\NAS1/NAS3_2Mar15/All_HAPE/mnt/NAS1_2Jun14/Figs/KESRP_ULPHONO_2014_R4/ROVFW7_13June14/ROVFW7_13June14.fig
//NAS1/NAS3_2Mar15/All_HAPE/mnt/NAS1_2Jun14/Figs/KESRP_ULPHONO_2014_R4/ROVFW7_13June14/ROVFW7_13June14_dnnClass_HAPE_21Jun14.csv,KESRP_ULPHONO_2014_R4,KESRP_ULPHONO_2014,2014,HAPE,ROVFW7_13June14,ROVFW7_13June14_dnnClass_HAPE_21Jun14,ROVFW7_13June14,0,\\NAS1/NAS3_2Mar15/All_HAPE/mnt/NAS1_2Jun14/Figs/KESRP_ULPHONO_2014_R4/ROVFW7_13June14/ROVFW7_13June14.fig
//NAS1/NAS3_2Mar15/All_HAPE/mnt/NAS1_2Jun14/Figs/KESRP_ULPHONO_2014_R4/ROVFW7_13June14/ROVFW7_13June14_audit_HAPE_21Apr.csv,KESRP_ULPHONO_2014_R4,KESRP_ULPHONO_2014,2014,HAPE,ROVFW7_13June14,ROVFW7_13June14_audit_HAPE_21Apr,ROVFW7_13June14,1,\\NAS1/NAS3_2Mar15/All_HAPE/mnt/NAS1_2Jun14/Figs/KESRP_ULPHONO_2014_R4/ROVFW7_13June14/ROVFW7_13June14.fig
//NAS1/NAS3_2Mar15/All_HAPE/mnt/NAS1_2Jun14/Figs/KESRP_ULPHONO_2014_R4/ROVFW8_13June14/ROVFW8_13June14_audited95_HAPE_21Jun14.csv,KESRP_ULPHONO_2014_R4,KESRP_ULPHONO_2014,2014,HAPE,ROVFW8_13June14,ROVFW8_13June14_audited95_HAPE_21Jun14,ROVFW8_13June14,0,\\NAS1/NAS3_2Mar15/All_HAPE/mnt/NAS1_2Jun14/Figs/KESRP_ULPHONO_2014_R4/ROVFW8_13June14/ROVFW8_13June14.fig
//NAS1/NAS3_2Mar15/All_HAPE/mnt/NAS1_2Jun14/Figs/KESRP_ULPHONO_2014_R4/ROVFW8_13June14/ROVFW8_13June14_dnnClass_HAPE_21Jun14.csv,KESRP_ULPHONO_2014_R4,KESRP_ULPHONO_2014,2014,HAPE,ROVFW8_13June14,ROVFW8_13June14_dnnClass_HAPE_21Jun14,ROVFW8_13June14,0,\\NAS1/NAS3_2Mar15/All_HAPE/mnt/NAS1_2Jun14/Figs/KESRP_ULPHONO_2014_R4/ROVFW8_13June14/ROVFW8_13June14.fig
//NAS1/NAS3_2Mar15/All_HAPE/mnt/NAS1_2Jun14/Figs/KESRP_ULPHONO_2014_R4/ROVFW8_13June14/ROVFW8_13June14_audit_HAPE_21Apr.csv,KESRP_ULPHONO_2014_R4,KESRP_ULPHONO_2014,2014,HAPE,ROVFW8_13June14,ROVFW8_13June14_audit_HAPE_21Apr,ROVFW8_13June14,1,\\NAS1/NAS3_2Mar15/All_HAPE/mnt/NAS1_2Jun14/Figs/KESRP_ULPHONO_2014_R4/ROVFW8_13June14/ROVFW8_13June14.fig
//NAS1/NAS3_2Mar15/All_HAPE/mnt/NAS1_2Jun14/Figs/KESRP_ULPHONO_2014_R4/ROVFW9_13June14/ROVFW9_13June14_dnnClass_HAPE_21Jun14.csv,KESRP_ULPHONO_2014_R4,KESRP_ULPHONO_2014,2014,HAPE,ROVFW9_13June14,ROVFW9_13June14_dnnClass_HAPE_21Jun14,ROVFW9_13June14,0,\\NAS1/NAS3_2Mar15/All_HAPE/mnt/NAS1_2Jun14/Figs/KESRP_ULPHONO_2014_R4/ROVFW9_13June14/ROVFW9_13June14.fig
//NAS1/NAS3_2Mar15/All_HAPE/mnt/NAS1_2Jun14/Figs/KESRP_ULPHONO_2014_R4/ROVFW9_13June14/ROVFW9_13June14_audited95_HAPE_21Jun14.csv,KESRP_ULPHONO_2014_R4,KESRP_ULPHONO_2014,2014,HAPE,ROVFW9_13June14,ROVFW9_13June14_audited95_HAPE_21Jun14,ROVFW9_13June14,1,\\NAS1/NAS3_2Mar15/All_HAPE/mnt/NAS1_2Jun14/Figs/KESRP_ULPHONO_2014_R4/ROVFW9_13June14/ROVFW9_13June14.fig
//NAS1/NAS3_2Mar15/All_HAPE/mnt/NAS1_2Jun14/Figs/KIUC_KESRP_HONO_2016_R1/NBOG02_11_May_2016/NBOG02_11_May_2016_audit_HAPE_21Apr.csv,KIUC_KESRP_HONO_2016_R1,KIUC_KESRP_HONO_2016,2016,HAPE,NBOG02_11_May_2016,NBOG02_11_May_2016_audit_HAPE_21Apr,NBOG02_11_May_2016,1,\\NAS1/NAS3_2Mar15/All_HAPE/mnt/NAS1_2Jun14/Figs/KIUC_KESRP_HONO_2016_R1/NBOG02_11_May_2016/NBOG02_11_May_2016.fig
//NAS1/NAS3_2Mar15/All_HAPE/mnt/NAS1_2Jun14/Figs/KIUC_KESRP_HONO_2016_R1/NBOG02_11_May_2016/NBOG02_11_May_2016_all95_HAPE_21Apr.csv,KIUC_KESRP_HONO_2016_R1,KIUC_KESRP_HONO_2016,2016,HAPE,NBOG02_11_May_2016,NBOG02_11_May_2016_all95_HAPE_21Apr,NBOG02_11_May_2016,0,\\NAS1/NAS3_2Mar15/All_HAPE/mnt/NAS1_2Jun14/Figs/KIUC_KESRP_HONO_2016_R1/NBOG02_11_May_2016/NBOG02_11_May_2016.fig
//NAS1/NAS3_2Mar15/All_HAPE/mnt/NAS1_2Jun14/Figs/KIUC_KESRP_HONO_2016_R1/NBOG08_11_May_2016/NBOG08_11_May_2016_audit_HAPE_21Apr.csv,KIUC_KESRP_HONO_2016_R1,KIUC_KESRP_HONO_2016,2016,HAPE,NBOG08_11_May_2016,NBOG08_11_May_2016_audit_HAPE_21Apr,NBOG08_11_May_2016,1,\\NAS1/NAS3_2Mar15/All_HAPE/mnt/NAS1_2Jun14/Figs/KIUC_KESRP_HONO_2016_R1/NBOG08_11_May_2016/NBOG08_11_May_2016.fig
//NAS1/NAS3_2Mar15/All_HAPE/mnt/NAS1_2Jun14/Figs/KIUC_KESRP_HONO_2016_R1/NBOG08_11_May_2016/NBOG08_11_May_2016_all95_HAPE_21Apr.csv,KIUC_KESRP_HONO_2016_R1,KIUC_KESRP_HONO_2016,2016,HAPE,NBOG08_11_May_2016,NBOG08_11_May_2016_all95_HAPE_21Apr,NBOG08_11_May_2016,0,\\NAS1/NAS3_2Mar15/All_HAPE/mnt/NAS1_2Jun14/Figs/KIUC_KESRP_HONO_2016_R1/NBOG08_11_May_2016/NBOG08_11_May_2016.fig
//NAS1/NAS3_2Mar15/All_HAPE/mnt/NAS1_2Jun14/Figs/KIUC_KESRP_HONO_2016_R1/PIHE1_05_May_2016/PIHE1_05_May_2016_audit_HAPE_21Apr.csv,KIUC_KESRP_HONO_2016_R1,KIUC_KESRP_HONO_2016,2016,HAPE,PIHE1_05_May_2016,PIHE1_05_May_2016_audit_HAPE_21Apr,PIHE1_05_May_2016,1,\\NAS1/NAS3_2Mar15/All_HAPE/mnt/NAS1_2Jun14/Figs/KIUC_KESRP_HONO_2016_R1/PIHE1_05_May_2016/PIHE1_05_May_2016.fig
//NAS1/NAS3_2Mar15/All_HAPE/mnt/NAS1_2Jun14/Figs/KIUC_KESRP_HONO_2016_R1/PIHE1_05_May_2016/PIHE1_05_May_2016_all95_HAPE_21Apr.csv,KIUC_KESRP_HONO_2016_R1,KIUC_KESRP_HONO_2016,2016,HAPE,PIHE1_05_May_2016,PIHE1_05_May_2016_all95_HAPE_21Apr,PIHE1_05_May_2016,0,\\NAS1/NAS3_2Mar15/All_HAPE/mnt/NAS1_2Jun14/Figs/KIUC_KESRP_HONO_2016_R1/PIHE1_05_May_2016/PIHE1_05_May_2016.fig
//NAS1/NAS3_2Mar15/All_HAPE/mnt/NAS1_2Jun14/Figs/KIUC_KESRP_HONO_2016_R1/PIHE10_05_May_2016/PIHE10_05_May_2016_audit_HAPE_21Apr.csv,KIUC_KESRP_HONO_2016_R1,KIUC_KESRP_HONO_2016,2016,HAPE,PIHE10_05_May_2016,PIHE10_05_May_2016_audit_HAPE_21Apr,PIHE10_05_May_2016,1,\\NAS1/NAS3_2Mar15/All_HAPE/mnt/NAS1_2Jun14/Figs/KIUC_KESRP_HONO_2016_R1/PIHE10_05_May_2016/PIHE10_05_May_2016.fig
//NAS1/NAS3_2Mar15/All_HAPE/mnt/NAS1_2Jun14/Figs/KIUC_KESRP_HONO_2016_R1/PIHE10_05_May_2016/PIHE10_05_May_2016_all95_HAPE_21Apr.csv,KIUC_KESRP_HONO_2016_R1,KIUC_KESRP_HONO_2016,2016,HAPE,PIHE10_05_May_2016,PIHE10_05_May_2016_all95_HAPE_21Apr,PIHE10_05_May_2016,0,\\NAS1/NAS3_2Mar15/All_HAPE/mnt/NAS1_2Jun14/Figs/KIUC_KESRP_HONO_2016_R1/PIHE10_05_May_2016/PIHE10_05_May_2016.fig
//NAS1/NAS3_2Mar15/All_HAPE/mnt/NAS1_2Jun14/Figs/KIUC_KESRP_HONO_2016_R1/PIHE2_05_May_2016/PIHE2_05_May_2016_audit_HAPE_21Apr.csv,KIUC_KESRP_HONO_2016_R1,KIUC_KESRP_HONO_2016,2016,HAPE,PIHE2_05_May_2016,PIHE2_05_May_2016_audit_HAPE_21Apr,PIHE2_05_May_2016,1,\\NAS1/NAS3_2Mar15/All_HAPE/mnt/NAS1_2Jun14/Figs/KIUC_KESRP_HONO_2016_R1/PIHE2_05_May_2016/PIHE2_05_May_2016.fig
//NAS1/NAS3_2Mar15/All_HAPE/mnt/NAS1_2Jun14/Figs/KIUC_KESRP_HONO_2016_R1/PIHE2_05_May_2016/PIHE2_05_May_2016_all95_HAPE_21Apr.csv,KIUC_KESRP_HONO_2016_R1,KIUC_KESRP_HONO_2016,2016,HAPE,PIHE2_05_May_2016,PIHE2_05_May_2016_all95_HAPE_21Apr,PIHE2_05_May_2016,0,\\NAS1/NAS3_2Mar15/All_HAPE/mnt/NAS1_2Jun14/Figs/KIUC_KESRP_HONO_2016_R1/PIHE2_05_May_2016/PIHE2_05_May_2016.fig
//NAS1/NAS3_2Mar15/All_HAPE/mnt/NAS1_2Jun14/Figs/KIUC_KESRP_HONO_2016_R1/PIHE8_05_May_2016/PIHE8_05_May_2016_audit_HAPE_21Apr.csv,KIUC_KESRP_HONO_2016_R1,KIUC_KESRP_HONO_2016,2016,HAPE,PIHE8_05_May_2016,PIHE8_05_May_2016_audit_HAPE_21Apr,PIHE8_05_May_2016,1,\\NAS1/NAS3_2Mar15/All_HAPE/mnt/NAS1_2Jun14/Figs/KIUC_KESRP_HONO_2016_R1/PIHE8_05_May_2016/PIHE8_05_May_2016.fig
//NAS1/NAS3_2Mar15/All_HAPE/mnt/NAS1_2Jun14/Figs/KIUC_KESRP_HONO_2016_R1/PIHE8_05_May_2016/PIHE8_05_May_2016_all95_HAPE_21Apr.csv,KIUC_KESRP_HONO_2016_R1,KIUC_KESRP_HONO_2016,2016,HAPE,PIHE8_05_May_2016,PIHE8_05_May_2016_all95_HAPE_21Apr,PIHE8_05_May_2016,0,\\NAS1/NAS3_2Mar15/All_HAPE/mnt/NAS1_2Jun14/Figs/KIUC_KESRP_HONO_2016_R1/PIHE8_05_May_2016/PIHE8_05_May_2016.fig
//NAS1/NAS3_2Mar15/All_HAPE/mnt/NAS1_2Jun14/Figs/KIUC_KESRP_HONO_2016_R1/POHK2_10_May_2016/POHK2_10_May_2016_audit_HAPE_21Apr.csv,KIUC_KESRP_HONO_2016_R1,KIUC_KESRP_HONO_2016,2016,HAPE,POHK2_10_May_2016,POHK2_10_May_2016_audit_HAPE_21Apr,POHK2_10_May_2016,1,\\NAS1/NAS3_2Mar15/All_HAPE/mnt/NAS1_2Jun14/Figs/KIUC_KESRP_HONO_2016_R1/POHK2_10_May_2016/POHK2_10_May_2016.fig
//NAS1/NAS3_2Mar15/All_HAPE/mnt/NAS1_2Jun14/Figs/KIUC_KESRP_HONO_2016_R1/POHK2_10_May_2016/POHK2_10_May_2016_all95_HAPE_21Apr.csv,KIUC_KESRP_HONO_2016_R1,KIUC_KESRP_HONO_2016,2016,HAPE,POHK2_10_May_2016,POHK2_10_May_2016_all95_HAPE_21Apr,POHK2_10_May_2016,0,\\NAS1/NAS3_2Mar15/All_HAPE/mnt/NAS1_2Jun14/Figs/KIUC_KESRP_HONO_2016_R1/POHK2_10_May_2016/POHK2_10_May_2016.fig
//NAS1/NAS3_2Mar15/All_HAPE/mnt/NAS1_2Jun14/Figs/KIUC_KESRP_HONO_2016_R1/POHK4_10_May_2016/POHK4_10_May_2016_audit_HAPE_21Apr.csv,KIUC_KESRP_HONO_2016_R1,KIUC_KESRP_HONO_2016,2016,HAPE,POHK4_10_May_2016,POHK4_10_May_2016_audit_HAPE_21Apr,POHK4_10_May_2016,1,\\NAS1/NAS3_2Mar15/All_HAPE/mnt/NAS1_2Jun14/Figs/KIUC_KESRP_HONO_2016_R1/POHK4_10_May_2016/POHK4_10_May_2016.fig
//NAS1/NAS3_2Mar15/All_HAPE/mnt/NAS1_2Jun14/Figs/KIUC_KESRP_HONO_2016_R1/POHK4_10_May_2016/POHK4_10_May_2016_all95_HAPE_21Apr.csv,KIUC_KESRP_HONO_2016_R1,KIUC_KESRP_HONO_2016,2016,HAPE,POHK4_10_May_2016,POHK4_10_May_2016_all95_HAPE_21Apr,POHK4_10_May_2016,0,\\NAS1/NAS3_2Mar15/All_HAPE/mnt/NAS1_2Jun14/Figs/KIUC_KESRP_HONO_2016_R1/POHK4_10_May_2016/POHK4_10_May_2016.fig
//NAS1/NAS3_2Mar15/All_HAPE/mnt/NAS1_2Jun14/Figs/KIUC_KESRP_HONO_2016_R1/POHK5_10_May_2016/POHK5_10_May_2016_audit_HAPE_21Apr.csv,KIUC_KESRP_HONO_2016_R1,KIUC_KESRP_HONO_2016,2016,HAPE,POHK5_10_May_2016,POHK5_10_May_2016_audit_HAPE_21Apr,POHK5_10_May_2016,1,\\NAS1/NAS3_2Mar15/All_HAPE/mnt/NAS1_2Jun14/Figs/KIUC_KESRP_HONO_2016_R1/POHK5_10_May_2016/POHK5_10_May_2016.fig
//NAS1/NAS3_2Mar15/All_HAPE/mnt/NAS1_2Jun14/Figs/KIUC_KESRP_HONO_2016_R1/POHK5_10_May_2016/POHK5_10_May_2016_all95_HAPE_21Apr.csv,KIUC_KESRP_HONO_2016_R1,KIUC_KESRP_HONO_2016,2016,HAPE,POHK5_10_May_2016,POHK5_10_May_2016_all95_HAPE_21Apr,POHK5_10_May_2016,0,\\NAS1/NAS3_2Mar15/All_HAPE/mnt/NAS1_2Jun14/Figs/KIUC_KESRP_HONO_2016_R1/POHK5_10_May_2016/POHK5_10_May_2016.fig
//NAS1/NAS3_2Mar15/All_HAPE/mnt/NAS1_2Jun14/Figs/KIUC_KESRP_HONO_2016_R1/POHK8_10_May_2016/POHK8_10_May_2016_audit_HAPE_21Apr.csv,KIUC_KESRP_HONO_2016_R1,KIUC_KESRP_HONO_2016,2016,HAPE,POHK8_10_May_2016,POHK8_10_May_2016_audit_HAPE_21Apr,POHK8_10_May_2016,1,\\NAS1/NAS3_2Mar15/All_HAPE/mnt/NAS1_2Jun14/Figs/KIUC_KESRP_HONO_2016_R1/POHK8_10_May_2016/POHK8_10_May_2016.fig
//NAS1/NAS3_2Mar15/All_HAPE/mnt/NAS1_2Jun14/Figs/KIUC_KESRP_HONO_2016_R1/POHK8_10_May_2016/POHK8_10_May_2016_all95_HAPE_21Apr.csv,KIUC_KESRP_HONO_2016_R1,KIUC_KESRP_HONO_2016,2016,HAPE,POHK8_10_May_2016,POHK8_10_May_2016_all95_HAPE_21Apr,POHK8_10_May_2016,0,\\NAS1/NAS3_2Mar15/All_HAPE/mnt/NAS1_2Jun14/Figs/KIUC_KESRP_HONO_2016_R1/POHK8_10_May_2016/POHK8_10_May_2016.fig
//NAS1/NAS3_2Mar15/All_HAPE/mnt/NAS1_2Jun14/Figs/KIUC_KESRP_HONO_2016_R1_BACKUP/NBOG01_11_May_2016/NBOG01_11_May_2016_audit_HAPE_21Apr.csv,KIUC_KESRP_HONO_2016_R1_BACKUP,KIUC_KESRP_HONO_2016,2016,HAPE,NBOG01_11_May_2016,NBOG01_11_May_2016_audit_HAPE_21Apr,NBOG01_11_May_2016,1,\\NAS1/NAS3_2Mar15/All_HAPE/mnt/NAS1_2Jun14/Figs/KIUC_KESRP_HONO_2016_R1_BACKUP/NBOG01_11_May_2016/NBOG01_11_May_2016.fig
//NAS1/NAS3_2Mar15/All_HAPE/mnt/NAS1_2Jun14/Figs/KIUC_KESRP_HONO_2016_R1_BACKUP/NBOG01_11_May_2016/NBOG01_11_May_2016_all95_HAPE_21Apr.csv,KIUC_KESRP_HONO_2016_R1_BACKUP,KIUC_KESRP_HONO_2016,2016,HAPE,NBOG01_11_May_2016,NBOG01_11_May_2016_all95_HAPE_21Apr,NBOG01_11_May_2016,0,\\NAS1/NAS3_2Mar15/All_HAPE/mnt/NAS1_2Jun14/Figs/KIUC_KESRP_HONO_2016_R1_BACKUP/NBOG01_11_May_2016/NBOG01_11_May_2016.fig
//NAS1/NAS3_2Mar15/All_HAPE/mnt/NAS1_2Jun14/Figs/KIUC_KESRP_HONO_2016_R1_BACKUP/NBOG03_11_May_2016/NBOG03_11_May_2016_audit_HAPE_21Apr.csv,KIUC_KESRP_HONO_2016_R1_BACKUP,KIUC_KESRP_HONO_2016,2016,HAPE,NBOG03_11_May_2016,NBOG03_11_May_2016_audit_HAPE_21Apr,NBOG03_11_May_2016,1,\\NAS1/NAS3_2Mar15/All_HAPE/mnt/NAS1_2Jun14/Figs/KIUC_KESRP_HONO_2016_R1_BACKUP/NBOG03_11_May_2016/NBOG03_11_May_2016.fig
//NAS1/NAS3_2Mar15/All_HAPE/mnt/NAS1_2Jun14/Figs/KIUC_KESRP_HONO_2016_R1_BACKUP/NBOG03_11_May_2016/NBOG03_11_May_2016_all95_HAPE_21Apr.csv,KIUC_KESRP_HONO_2016_R1_BACKUP,KIUC_KESRP_HONO_2016,2016,HAPE,NBOG03_11_May_2016,NBOG03_11_May_2016_all95_HAPE_21Apr,NBOG03_11_May_2016,0,\\NAS1/NAS3_2Mar15/All_HAPE/mnt/NAS1_2Jun14/Figs/KIUC_KESRP_HONO_2016_R1_BACKUP/NBOG03_11_May_2016/NBOG03_11_May_2016.fig
//NAS1/NAS3_2Mar15/All_HAPE/mnt/NAS1_2Jun14/Figs/KIUC_KESRP_HONO_2016_R1_BACKUP/NBOG04_11_May_2016/NBOG04_11_May_2016_audit_HAPE_21Apr.csv,KIUC_KESRP_HONO_2016_R1_BACKUP,KIUC_KESRP_HONO_2016,2016,HAPE,NBOG04_11_May_2016,NBOG04_11_May_2016_audit_HAPE_21Apr,NBOG04_11_May_2016,1,\\NAS1/NAS3_2Mar15/All_HAPE/mnt/NAS1_2Jun14/Figs/KIUC_KESRP_HONO_2016_R1_BACKUP/NBOG04_11_May_2016/NBOG04_11_May_2016.fig
//NAS1/NAS3_2Mar15/All_HAPE/mnt/NAS1_2Jun14/Figs/KIUC_KESRP_HONO_2016_R1_BACKUP/NBOG04_11_May_2016/NBOG04_11_May_2016_all95_HAPE_21Apr.csv,KIUC_KESRP_HONO_2016_R1_BACKUP,KIUC_KESRP_HONO_2016,2016,HAPE,NBOG04_11_May_2016,NBOG04_11_May_2016_all95_HAPE_21Apr,NBOG04_11_May_2016,0,\\NAS1/NAS3_2Mar15/All_HAPE/mnt/NAS1_2Jun14/Figs/KIUC_KESRP_HONO_2016_R1_BACKUP/NBOG04_11_May_2016/NBOG04_11_May_2016.fig
//NAS1/NAS3_2Mar15/All_HAPE/mnt/NAS1_2Jun14/Figs/KIUC_KESRP_HONO_2016_R1_BACKUP/NBOG05_11_May_2016/NBOG05_11_May_2016_audit_HAPE_21Apr.csv,KIUC_KESRP_HONO_2016_R1_BACKUP,KIUC_KESRP_HONO_2016,2016,HAPE,NBOG05_11_May_2016,NBOG05_11_May_2016_audit_HAPE_21Apr,NBOG05_11_May_2016,1,\\NAS1/NAS3_2Mar15/All_HAPE/mnt/NAS1_2Jun14/Figs/KIUC_KESRP_HONO_2016_R1_BACKUP/NBOG05_11_May_2016/NBOG05_11_May_2016.fig
//NAS1/NAS3_2Mar15/All_HAPE/mnt/NAS1_2Jun14/Figs/KIUC_KESRP_HONO_2016_R1_BACKUP/NBOG05_11_May_2016/NBOG05_11_May_2016_all95_HAPE_21Apr.csv,KIUC_KESRP_HONO_2016_R1_BACKUP,KIUC_KESRP_HONO_2016,2016,HAPE,NBOG05_11_May_2016,NBOG05_11_May_2016_all95_HAPE_21Apr,NBOG05_11_May_2016,0,\\NAS1/NAS3_2Mar15/All_HAPE/mnt/NAS1_2Jun14/Figs/KIUC_KESRP_HONO_2016_R1_BACKUP/NBOG05_11_May_2016/NBOG05_11_May_2016.fig
//NAS1/NAS3_2Mar15/All_HAPE/mnt/NAS1_2Jun14/Figs/KIUC_KESRP_HONO_2016_R1_BACKUP/NBOG06_11_May_2016/NBOG06_11_May_2016_audit_HAPE_21Apr.csv,KIUC_KESRP_HONO_2016_R1_BACKUP,KIUC_KESRP_HONO_2016,2016,HAPE,NBOG06_11_May_2016,NBOG06_11_May_2016_audit_HAPE_21Apr,NBOG06_11_May_2016,1,\\NAS1/NAS3_2Mar15/All_HAPE/mnt/NAS1_2Jun14/Figs/KIUC_KESRP_HONO_2016_R1_BACKUP/NBOG06_11_May_2016/NBOG06_11_May_2016.fig
//NAS1/NAS3_2Mar15/All_HAPE/mnt/NAS1_2Jun14/Figs/KIUC_KESRP_HONO_2016_R1_BACKUP/NBOG06_11_May_2016/NBOG06_11_May_2016_all95_HAPE_21Apr.csv,KIUC_KESRP_HONO_2016_R1_BACKUP,KIUC_KESRP_HONO_2016,2016,HAPE,NBOG06_11_May_2016,NBOG06_11_May_2016_all95_HAPE_21Apr,NBOG06_11_May_2016,0,\\NAS1/NAS3_2Mar15/All_HAPE/mnt/NAS1_2Jun14/Figs/KIUC_KESRP_HONO_2016_R1_BACKUP/NBOG06_11_May_2016/NBOG06_11_May_2016.fig
//NAS1/NAS3_2Mar15/All_HAPE/mnt/NAS1_2Jun14/Figs/KIUC_KESRP_HONO_2016_R1_BACKUP/NBOG07_11_May_2016/NBOG07_11_May_2016_audit_HAPE_21Apr.csv,KIUC_KESRP_HONO_2016_R1_BACKUP,KIUC_KESRP_HONO_2016,2016,HAPE,NBOG07_11_May_2016,NBOG07_11_May_2016_audit_HAPE_21Apr,NBOG07_11_May_2016,1,\\NAS1/NAS3_2Mar15/All_HAPE/mnt/NAS1_2Jun14/Figs/KIUC_KESRP_HONO_2016_R1_BACKUP/NBOG07_11_May_2016/NBOG07_11_May_2016.fig
//NAS1/NAS3_2Mar15/All_HAPE/mnt/NAS1_2Jun14/Figs/KIUC_KESRP_HONO_2016_R1_BACKUP/NBOG07_11_May_2016/NBOG07_11_May_2016_all95_HAPE_21Apr.csv,KIUC_KESRP_HONO_2016_R1_BACKUP,KIUC_KESRP_HONO_2016,2016,HAPE,NBOG07_11_May_2016,NBOG07_11_May_2016_all95_HAPE_21Apr,NBOG07_11_May_2016,0,\\NAS1/NAS3_2Mar15/All_HAPE/mnt/NAS1_2Jun14/Figs/KIUC_KESRP_HONO_2016_R1_BACKUP/NBOG07_11_May_2016/NBOG07_11_May_2016.fig
//NAS1/NAS3_2Mar15/All_HAPE/mnt/NAS1_2Jun14/Figs/KIUC_KESRP_HONO_2016_R1_BACKUP/NBOG09_11_May_2016/NBOG09_11_May_2016_audit_HAPE_21Apr.csv,KIUC_KESRP_HONO_2016_R1_BACKUP,KIUC_KESRP_HONO_2016,2016,HAPE,NBOG09_11_May_2016,NBOG09_11_May_2016_audit_HAPE_21Apr,NBOG09_11_May_2016,1,\\NAS1/NAS3_2Mar15/All_HAPE/mnt/NAS1_2Jun14/Figs/KIUC_KESRP_HONO_2016_R1_BACKUP/NBOG09_11_May_2016/NBOG09_11_May_2016.fig
//NAS1/NAS3_2Mar15/All_HAPE/mnt/NAS1_2Jun14/Figs/KIUC_KESRP_HONO_2016_R1_BACKUP/NBOG09_11_May_2016/NBOG09_11_May_2016_all95_HAPE_21Apr.csv,KIUC_KESRP_HONO_2016_R1_BACKUP,KIUC_KESRP_HONO_2016,2016,HAPE,NBOG09_11_May_2016,NBOG09_11_May_2016_all95_HAPE_21Apr,NBOG09_11_May_2016,0,\\NAS1/NAS3_2Mar15/All_HAPE/mnt/NAS1_2Jun14/Figs/KIUC_KESRP_HONO_2016_R1_BACKUP/NBOG09_11_May_2016/NBOG09_11_May_2016.fig
//NAS1/NAS3_2Mar15/All_HAPE/mnt/NAS1_2Jun14/Figs/KIUC_KESRP_HONO_2016_R1_BACKUP/NBOG10_11_May_2016/NBOG10_11_May_2016_audit_HAPE_21Apr.csv,KIUC_KESRP_HONO_2016_R1_BACKUP,KIUC_KESRP_HONO_2016,2016,HAPE,NBOG10_11_May_2016,NBOG10_11_May_2016_audit_HAPE_21Apr,NBOG10_11_May_2016,1,\\NAS1/NAS3_2Mar15/All_HAPE/mnt/NAS1_2Jun14/Figs/KIUC_KESRP_HONO_2016_R1_BACKUP/NBOG10_11_May_2016/NBOG10_11_May_2016.fig
//NAS1/NAS3_2Mar15/All_HAPE/mnt/NAS1_2Jun14/Figs/KIUC_KESRP_HONO_2016_R1_BACKUP/NBOG10_11_May_2016/NBOG10_11_May_2016_all95_HAPE_21Apr.csv,KIUC_KESRP_HONO_2016_R1_BACKUP,KIUC_KESRP_HONO_2016,2016,HAPE,NBOG10_11_May_2016,NBOG10_11_May_2016_all95_HAPE_21Apr,NBOG10_11_May_2016,0,\\NAS1/NAS3_2Mar15/All_HAPE/mnt/NAS1_2Jun14/Figs/KIUC_KESRP_HONO_2016_R1_BACKUP/NBOG10_11_May_2016/NBOG10_11_May_2016.fig
//NAS1/NAS3_2Mar15/All_HAPE/mnt/NAS1_2Jun14/Figs/KIUC_KESRP_HONO_2016_R1_BACKUP/POHK1_10_May_2016/POHK1_10_May_2016_audit_HAPE_21Apr.csv,KIUC_KESRP_HONO_2016_R1_BACKUP,KIUC_KESRP_HONO_2016,2016,HAPE,POHK1_10_May_2016,POHK1_10_May_2016_audit_HAPE_21Apr,POHK1_10_May_2016,1,\\NAS1/NAS3_2Mar15/All_HAPE/mnt/NAS1_2Jun14/Figs/KIUC_KESRP_HONO_2016_R1_BACKUP/POHK1_10_May_2016/POHK1_10_May_2016.fig
//NAS1/NAS3_2Mar15/All_HAPE/mnt/NAS1_2Jun14/Figs/KIUC_KESRP_HONO_2016_R1_BACKUP/POHK1_10_May_2016/POHK1_10_May_2016_all95_HAPE_21Apr.csv,KIUC_KESRP_HONO_2016_R1_BACKUP,KIUC_KESRP_HONO_2016,2016,HAPE,POHK1_10_May_2016,POHK1_10_May_2016_all95_HAPE_21Apr,POHK1_10_May_2016,0,\\NAS1/NAS3_2Mar15/All_HAPE/mnt/NAS1_2Jun14/Figs/KIUC_KESRP_HONO_2016_R1_BACKUP/POHK1_10_May_2016/POHK1_10_May_2016.fig
//NAS1/NAS3_2Mar15/All_HAPE/mnt/NAS1_2Jun14/Figs/KIUC_KESRP_HONO_2016_R1_BACKUP/POHK3_10_May_2016/POHK3_10_May_2016_audit_HAPE_21Apr.csv,KIUC_KESRP_HONO_2016_R1_BACKUP,KIUC_KESRP_HONO_2016,2016,HAPE,POHK3_10_May_2016,POHK3_10_May_2016_audit_HAPE_21Apr,POHK3_10_May_2016,1,\\NAS1/NAS3_2Mar15/All_HAPE/mnt/NAS1_2Jun14/Figs/KIUC_KESRP_HONO_2016_R1_BACKUP/POHK3_10_May_2016/POHK3_10_May_2016.fig
//NAS1/NAS3_2Mar15/All_HAPE/mnt/NAS1_2Jun14/Figs/KIUC_KESRP_HONO_2016_R1_BACKUP/POHK3_10_May_2016/POHK3_10_May_2016_all95_HAPE_21Apr.csv,KIUC_KESRP_HONO_2016_R1_BACKUP,KIUC_KESRP_HONO_2016,2016,HAPE,POHK3_10_May_2016,POHK3_10_May_2016_all95_HAPE_21Apr,POHK3_10_May_2016,0,\\NAS1/NAS3_2Mar15/All_HAPE/mnt/NAS1_2Jun14/Figs/KIUC_KESRP_HONO_2016_R1_BACKUP/POHK3_10_May_2016/POHK3_10_May_2016.fig
//NAS1/NAS3_2Mar15/All_HAPE/mnt/NAS1_2Jun14/Figs/KIUC_KESRP_HONO_2016_R1_BACKUP/POHK6_10_May_2016/POHK6_10_May_2016_audit_HAPE_21Apr.csv,KIUC_KESRP_HONO_2016_R1_BACKUP,KIUC_KESRP_HONO_2016,2016,HAPE,POHK6_10_May_2016,POHK6_10_May_2016_audit_HAPE_21Apr,POHK6_10_May_2016,1,\\NAS1/NAS3_2Mar15/All_HAPE/mnt/NAS1_2Jun14/Figs/KIUC_KESRP_HONO_2016_R1_BACKUP/POHK6_10_May_2016/POHK6_10_May_2016.fig
//NAS1/NAS3_2Mar15/All_HAPE/mnt/NAS1_2Jun14/Figs/KIUC_KESRP_HONO_2016_R1_BACKUP/POHK6_10_May_2016/POHK6_10_May_2016_all95_HAPE_21Apr.csv,KIUC_KESRP_HONO_2016_R1_BACKUP,KIUC_KESRP_HONO_2016,2016,HAPE,POHK6_10_May_2016,POHK6_10_May_2016_all95_HAPE_21Apr,POHK6_10_May_2016,0,\\NAS1/NAS3_2Mar15/All_HAPE/mnt/NAS1_2Jun14/Figs/KIUC_KESRP_HONO_2016_R1_BACKUP/POHK6_10_May_2016/POHK6_10_May_2016.fig
//NAS1/NAS3_2Mar15/All_HAPE/mnt/NAS1_2Jun14/Figs/KIUC_KESRP_HONO_2016_R1_BACKUP/POHK7_10_May_2016/POHK7_10_May_2016_audit_HAPE_21Apr.csv,KIUC_KESRP_HONO_2016_R1_BACKUP,KIUC_KESRP_HONO_2016,2016,HAPE,POHK7_10_May_2016,POHK7_10_May_2016_audit_HAPE_21Apr,POHK7_10_May_2016,1,\\NAS1/NAS3_2Mar15/All_HAPE/mnt/NAS1_2Jun14/Figs/KIUC_KESRP_HONO_2016_R1_BACKUP/POHK7_10_May_2016/POHK7_10_May_2016.fig
//NAS1/NAS3_2Mar15/All_HAPE/mnt/NAS1_2Jun14/Figs/KIUC_KESRP_HONO_2016_R1_BACKUP/POHK7_10_May_2016/POHK7_10_May_2016_all95_HAPE_21Apr.csv,KIUC_KESRP_HONO_2016_R1_BACKUP,KIUC_KESRP_HONO_2016,2016,HAPE,POHK7_10_May_2016,POHK7_10_May_2016_all95_HAPE_21Apr,POHK7_10_May_2016,0,\\NAS1/NAS3_2Mar15/All_HAPE/mnt/NAS1_2Jun14/Figs/KIUC_KESRP_HONO_2016_R1_BACKUP/POHK7_10_May_2016/POHK7_10_May_2016.fig
//NAS1/NAS3_2Mar15/All_HAPE/mnt/NAS1_2Jun14/Figs/KIUC_KESRP_HONO_2016_R1_BACKUP/POHK9_10_May_2016/POHK9_10_May_2016_audit_HAPE_21Apr.csv,KIUC_KESRP_HONO_2016_R1_BACKUP,KIUC_KESRP_HONO_2016,2016,HAPE,POHK9_10_May_2016,POHK9_10_May_2016_audit_HAPE_21Apr,POHK9_10_May_2016,1,\\NAS1/NAS3_2Mar15/All_HAPE/mnt/NAS1_2Jun14/Figs/KIUC_KESRP_HONO_2016_R1_BACKUP/POHK9_10_May_2016/POHK9_10_May_2016.fig
//NAS1/NAS3_2Mar15/All_HAPE/mnt/NAS1_2Jun14/Figs/KIUC_KESRP_HONO_2016_R1_BACKUP/POHK9_10_May_2016/POHK9_10_May_2016_all95_HAPE_21Apr.csv,KIUC_KESRP_HONO_2016_R1_BACKUP,KIUC_KESRP_HONO_2016,2016,HAPE,POHK9_10_May_2016,POHK9_10_May_2016_all95_HAPE_21Apr,POHK9_10_May_2016,0,\\NAS1/NAS3_2Mar15/All_HAPE/mnt/NAS1_2Jun14/Figs/KIUC_KESRP_HONO_2016_R1_BACKUP/POHK9_10_May_2016/POHK9_10_May_2016.fig
//NAS1/NAS3_2Mar15/All_HAPE/mnt/NAS1_2Jun14/Figs/MNSRP_Maui_2016_R2_BACKUP/WM9Data/WM9Data_audit_HAPE_21Apr_DS.csv,MNSRP_Maui_2016_R2_BACKUP,MNSRP_Maui_2016,2016,HAPE,WM9Data,WM9Data_audit_HAPE_21Apr_DS,WM9Data,0,\\NAS1/NAS3_2Mar15/All_HAPE/mnt/NAS1_2Jun14/Figs/MNSRP_Maui_2016_R2_BACKUP/WM9Data/WM9Data.fig
//NAS1/NAS3_2Mar15/All_HAPE/mnt/NAS1_2Jun14/Figs/MNSRP_Maui_2016_R2_BACKUP/WM9Data/WM9Data_audit_HAPE_21Apr.csv,MNSRP_Maui_2016_R2_BACKUP,MNSRP_Maui_2016,2016,HAPE,WM9Data,WM9Data_audit_HAPE_21Apr,WM9Data,1,\\NAS1/NAS3_2Mar15/All_HAPE/mnt/NAS1_2Jun14/Figs/MNSRP_Maui_2016_R2_BACKUP/WM9Data/WM9Data.fig
//NAS1/NAS3_2Mar15/All_HAPE/mnt/NAS1_2Jun14/Figs/NFWF_Haleakala_2014/NF04/NF04_MMaudit_dnnClass_HAPE_18Jun14.csv,NFWF_Haleakala_2014,NFWF_Haleakala_2014,2014,HAPE,NF04,NF04_MMaudit_dnnClass_HAPE_18Jun14,NF04,0,\\NAS1/NAS3_2Mar15/All_HAPE/mnt/NAS1_2Jun14/Figs/NFWF_Haleakala_2014/NF04/NF04.fig
//NAS1/NAS3_2Mar15/All_HAPE/mnt/NAS1_2Jun14/Figs/NFWF_Haleakala_2014/NF04/NF04_audit_dnnClass_HAPE_18Jun14.csv,NFWF_Haleakala_2014,NFWF_Haleakala_2014,2014,HAPE,NF04,NF04_audit_dnnClass_HAPE_18Jun14,NF04,1,\\NAS1/NAS3_2Mar15/All_HAPE/mnt/NAS1_2Jun14/Figs/NFWF_Haleakala_2014/NF04/NF04.fig
//NAS1/NAS3_2Mar15/All_HAPE/mnt/NAS1_2Jun14/Figs/USFWS_Lanai_2015/2-Hii/2-Hii_audit_HAPE_21Apr_JS.csv,USFWS_Lanai_2015,USFWS_Lanai_2015,2015,HAPE,2-Hii,2-Hii_audit_HAPE_21Apr_JS,2-Hii,0,\\NAS1/NAS3_2Mar15/All_HAPE/mnt/NAS1_2Jun14/Figs/USFWS_Lanai_2015/2-Hii/2-Hii.fig
//NAS1/NAS3_2Mar15/All_HAPE/mnt/NAS1_2Jun14/Figs/USFWS_Lanai_2015/2-Hii/2-Hii_audit_HAPE_21Apr_ADE.csv,USFWS_Lanai_2015,USFWS_Lanai_2015,2015,HAPE,2-Hii,2-Hii_audit_HAPE_21Apr_ADE,2-Hii,1,\\NAS1/NAS3_2Mar15/All_HAPE/mnt/NAS1_2Jun14/Figs/USFWS_Lanai_2015/2-Hii/2-Hii.fig
//NAS1/NAS3_2Mar15/All_HAPE/mnt/NAS1_2Jun14/Figs/USFWS_Lanai_2015/4-EHauola/4-EHauola_audit_HAPE_21Apr_JS.csv,USFWS_Lanai_2015,USFWS_Lanai_2015,2015,HAPE,4-EHauola,4-EHauola_audit_HAPE_21Apr_JS,4-EHauola,1,\\NAS1/NAS3_2Mar15/All_HAPE/mnt/NAS1_2Jun14/Figs/USFWS_Lanai_2015/4-EHauola/4-EHauola.fig
//NAS1/NAS3_2Mar15/All_HAPE/mnt/NAS1_2Jun14/Figs/USFWS_Lanai_2015/4-EHauola/4-EHauola_audit_HAPE_21Apr_DTS.csv,USFWS_Lanai_2015,USFWS_Lanai_2015,2015,HAPE,4-EHauola,4-EHauola_audit_HAPE_21Apr_DTS,4-EHauola,0,\\NAS1/NAS3_2Mar15/All_HAPE/mnt/NAS1_2Jun14/Figs/USFWS_Lanai_2015/4-EHauola/4-EHauola.fig
//NAS1/NAS3_2Mar15/All_HAPE/mnt/NAS1_2Jun14/Figs/USFWS_Lanai_2015/6-NHauola/6-NHauola_audit_HAPE_21Apr_JS.csv,USFWS_Lanai_2015,USFWS_Lanai_2015,2015,HAPE,6-NHauola,6-NHauola_audit_HAPE_21Apr_JS,6-NHauola,1,\\NAS1/NAS3_2Mar15/All_HAPE/mnt/NAS1_2Jun14/Figs/USFWS_Lanai_2015/6-NHauola/6-NHauola.fig
//NAS1/NAS3_2Mar15/All_HAPE/mnt/NAS1_2Jun14/Figs/USFWS_Lanai_2015/6-NHauola/6-NHauola_audit_HAPE_21Apr_DTS.csv,USFWS_Lanai_2015,USFWS_Lanai_2015,2015,HAPE,6-NHauola,6-NHauola_audit_HAPE_21Apr_DTS,6-NHauola,0,\\NAS1/NAS3_2Mar15/All_HAPE/mnt/NAS1_2Jun14/Figs/USFWS_Lanai_2015/6-NHauola/6-NHauola.fig
//NAS1/NAS3_2Mar15/All_HAPE/mnt/NAS3_2Mar15/Figs/MNSRP_EastMaui_2015_R1/MNSRP01/MNSRP01_audit_HAPE_21Apr_DS.csv,MNSRP_EastMaui_2015_R1,MNSRP_EastMaui_2015,2015,HAPE,MNSRP01,MNSRP01_audit_HAPE_21Apr_DS,MNSRP01,0,\\NAS1/NAS3_2Mar15/All_HAPE/mnt/NAS3_2Mar15/Figs/MNSRP_EastMaui_2015_R1/MNSRP01/MNSRP01.fig
//NAS1/NAS3_2Mar15/All_HAPE/mnt/NAS3_2Mar15/Figs/MNSRP_EastMaui_2015_R1/MNSRP01/MNSRP01_audit_HAPE_21Apr.csv,MNSRP_EastMaui_2015_R1,MNSRP_EastMaui_2015,2015,HAPE,MNSRP01,MNSRP01_audit_HAPE_21Apr,MNSRP01,1,\\NAS1/NAS3_2Mar15/All_HAPE/mnt/NAS3_2Mar15/Figs/MNSRP_EastMaui_2015_R1/MNSRP01/MNSRP01.fig
//NAS1/NAS3_2Mar15/All_HAPE/mnt/NAS3_2Mar15/Figs/MNSRP_EastMaui_2015_R1/MNSRP10A/MNSRP10A_audit_HAPE_21Apr_DS.csv,MNSRP_EastMaui_2015_R1,MNSRP_EastMaui_2015,2015,HAPE,MNSRP10A,MNSRP10A_audit_HAPE_21Apr_DS,MNSRP10A,0,\\NAS1/NAS3_2Mar15/All_HAPE/mnt/NAS3_2Mar15/Figs/MNSRP_EastMaui_2015_R1/MNSRP10A/MNSRP10A.fig
//NAS1/NAS3_2Mar15/All_HAPE/mnt/NAS3_2Mar15/Figs/MNSRP_EastMaui_2015_R1/MNSRP10A/MNSRP10A_audit_HAPE_21Apr.csv,MNSRP_EastMaui_2015_R1,MNSRP_EastMaui_2015,2015,HAPE,MNSRP10A,MNSRP10A_audit_HAPE_21Apr,MNSRP10A,1,\\NAS1/NAS3_2Mar15/All_HAPE/mnt/NAS3_2Mar15/Figs/MNSRP_EastMaui_2015_R1/MNSRP10A/MNSRP10A.fig
//NAS1/NAS3_2Mar15/All_HAPE/mnt/NAS3_2Mar15/Figs/MNSRP_EastMaui_2015_R1/MNSRP11A/MNSRP11A_audit_HAPE_21Apr_DS.csv,MNSRP_EastMaui_2015_R1,MNSRP_EastMaui_2015,2015,HAPE,MNSRP11A,MNSRP11A_audit_HAPE_21Apr_DS,MNSRP11A,0,\\NAS1/NAS3_2Mar15/All_HAPE/mnt/NAS3_2Mar15/Figs/MNSRP_EastMaui_2015_R1/MNSRP11A/MNSRP11A.fig
//NAS1/NAS3_2Mar15/All_HAPE/mnt/NAS3_2Mar15/Figs/MNSRP_EastMaui_2015_R1/MNSRP11A/MNSRP11A_audit_HAPE_21Apr.csv,MNSRP_EastMaui_2015_R1,MNSRP_EastMaui_2015,2015,HAPE,MNSRP11A,MNSRP11A_audit_HAPE_21Apr,MNSRP11A,1,\\NAS1/NAS3_2Mar15/All_HAPE/mnt/NAS3_2Mar15/Figs/MNSRP_EastMaui_2015_R1/MNSRP11A/MNSRP11A.fig
//NAS1/NAS3_2Mar15/All_HAPE/mnt/NAS3_2Mar15/Figs/MNSRP_EastMaui_2015_R1/MNSRP1A/MNSRP1A_audit_HAPE_21Apr_DS.csv,MNSRP_EastMaui_2015_R1,MNSRP_EastMaui_2015,2015,HAPE,MNSRP1A,MNSRP1A_audit_HAPE_21Apr_DS,MNSRP1A,0,\\NAS1/NAS3_2Mar15/All_HAPE/mnt/NAS3_2Mar15/Figs/MNSRP_EastMaui_2015_R1/MNSRP1A/MNSRP1A.fig
//NAS1/NAS3_2Mar15/All_HAPE/mnt/NAS3_2Mar15/Figs/MNSRP_EastMaui_2015_R1/MNSRP1A/MNSRP1A_audit_HAPE_21Apr.csv,MNSRP_EastMaui_2015_R1,MNSRP_EastMaui_2015,2015,HAPE,MNSRP1A,MNSRP1A_audit_HAPE_21Apr,MNSRP1A,1,\\NAS1/NAS3_2Mar15/All_HAPE/mnt/NAS3_2Mar15/Figs/MNSRP_EastMaui_2015_R1/MNSRP1A/MNSRP1A.fig
//NAS1/NAS3_2Mar15/All_HAPE/mnt/NAS3_2Mar15/Figs/MNSRP_EastMaui_2015_R1/MNSRP2A/MNSRP2A_audit_HAPE_21Apr_DS.csv,MNSRP_EastMaui_2015_R1,MNSRP_EastMaui_2015,2015,HAPE,MNSRP2A,MNSRP2A_audit_HAPE_21Apr_DS,MNSRP2A,0,\\NAS1/NAS3_2Mar15/All_HAPE/mnt/NAS3_2Mar15/Figs/MNSRP_EastMaui_2015_R1/MNSRP2A/MNSRP2A.fig
//NAS1/NAS3_2Mar15/All_HAPE/mnt/NAS3_2Mar15/Figs/MNSRP_EastMaui_2015_R1/MNSRP2A/MNSRP2A_audit_HAPE_21Apr.csv,MNSRP_EastMaui_2015_R1,MNSRP_EastMaui_2015,2015,HAPE,MNSRP2A,MNSRP2A_audit_HAPE_21Apr,MNSRP2A,1,\\NAS1/NAS3_2Mar15/All_HAPE/mnt/NAS3_2Mar15/Figs/MNSRP_EastMaui_2015_R1/MNSRP2A/MNSRP2A.fig
//NAS1/NAS3_2Mar15/All_HAPE/mnt/NAS3_2Mar15/Figs/MNSRP_EastMaui_2015_R1/MNSRP4A/MNSRP4A_audit_HAPE_21Apr_DS.csv,MNSRP_EastMaui_2015_R1,MNSRP_EastMaui_2015,2015,HAPE,MNSRP4A,MNSRP4A_audit_HAPE_21Apr_DS,MNSRP4A,0,\\NAS1/NAS3_2Mar15/All_HAPE/mnt/NAS3_2Mar15/Figs/MNSRP_EastMaui_2015_R1/MNSRP4A/MNSRP4A.fig
//NAS1/NAS3_2Mar15/All_HAPE/mnt/NAS3_2Mar15/Figs/MNSRP_EastMaui_2015_R1/MNSRP4A/MNSRP4A_audit_HAPE_21Apr.csv,MNSRP_EastMaui_2015_R1,MNSRP_EastMaui_2015,2015,HAPE,MNSRP4A,MNSRP4A_audit_HAPE_21Apr,MNSRP4A,1,\\NAS1/NAS3_2Mar15/All_HAPE/mnt/NAS3_2Mar15/Figs/MNSRP_EastMaui_2015_R1/MNSRP4A/MNSRP4A.fig
//NAS1/NAS3_2Mar15/All_HAPE/mnt/NAS3_2Mar15/Figs/MNSRP_EastMaui_2015_R1/MNSRP5A/MNSRP5A_audit_HAPE_21Apr_DS.csv,MNSRP_EastMaui_2015_R1,MNSRP_EastMaui_2015,2015,HAPE,MNSRP5A,MNSRP5A_audit_HAPE_21Apr_DS,MNSRP5A,0,\\NAS1/NAS3_2Mar15/All_HAPE/mnt/NAS3_2Mar15/Figs/MNSRP_EastMaui_2015_R1/MNSRP5A/MNSRP5A.fig
//NAS1/NAS3_2Mar15/All_HAPE/mnt/NAS3_2Mar15/Figs/MNSRP_EastMaui_2015_R1/MNSRP5A/MNSRP5A_audit_HAPE_21Apr.csv,MNSRP_EastMaui_2015_R1,MNSRP_EastMaui_2015,2015,HAPE,MNSRP5A,MNSRP5A_audit_HAPE_21Apr,MNSRP5A,1,\\NAS1/NAS3_2Mar15/All_HAPE/mnt/NAS3_2Mar15/Figs/MNSRP_EastMaui_2015_R1/MNSRP5A/MNSRP5A.fig
//NAS1/NAS3_2Mar15/All_HAPE/mnt/NAS3_2Mar15/Figs/MNSRP_EastMaui_2015_R1/MNSRP6A/MNSRP6A_audit_HAPE_21Apr_DS.csv,MNSRP_EastMaui_2015_R1,MNSRP_EastMaui_2015,2015,HAPE,MNSRP6A,MNSRP6A_audit_HAPE_21Apr_DS,MNSRP6A,0,\\NAS1/NAS3_2Mar15/All_HAPE/mnt/NAS3_2Mar15/Figs/MNSRP_EastMaui_2015_R1/MNSRP6A/MNSRP6A.fig
//NAS1/NAS3_2Mar15/All_HAPE/mnt/NAS3_2Mar15/Figs/MNSRP_EastMaui_2015_R1/MNSRP6A/MNSRP6A_audit_HAPE_21Apr.csv,MNSRP_EastMaui_2015_R1,MNSRP_EastMaui_2015,2015,HAPE,MNSRP6A,MNSRP6A_audit_HAPE_21Apr,MNSRP6A,1,\\NAS1/NAS3_2Mar15/All_HAPE/mnt/NAS3_2Mar15/Figs/MNSRP_EastMaui_2015_R1/MNSRP6A/MNSRP6A.fig
//NAS1/NAS3_2Mar15/All_HAPE/mnt/NAS3_2Mar15/Figs/MNSRP_EastMaui_2015_R1/MNSRP9A/MNSRP9A_audit_HAPE_21Apr_DS.csv,MNSRP_EastMaui_2015_R1,MNSRP_EastMaui_2015,2015,HAPE,MNSRP9A,MNSRP9A_audit_HAPE_21Apr_DS,MNSRP9A,0,\\NAS1/NAS3_2Mar15/All_HAPE/mnt/NAS3_2Mar15/Figs/MNSRP_EastMaui_2015_R1/MNSRP9A/MNSRP9A.fig
//NAS1/NAS3_2Mar15/All_HAPE/mnt/NAS3_2Mar15/Figs/MNSRP_EastMaui_2015_R1/MNSRP9A/MNSRP9A_audit_HAPE_21Apr.csv,MNSRP_EastMaui_2015_R1,MNSRP_EastMaui_2015,2015,HAPE,MNSRP9A,MNSRP9A_audit_HAPE_21Apr,MNSRP9A,1,\\NAS1/NAS3_2Mar15/All_HAPE/mnt/NAS3_2Mar15/Figs/MNSRP_EastMaui_2015_R1/MNSRP9A/MNSRP9A.fig
//NAS1/NAS3_2Mar15/All_HAPE/mnt/NAS5_6Jun16/Figs/KIUC_KESRP_HONO_2016_R8/BAR1/BAR1_audit_HAPE_21Apr_10.csv,KIUC_KESRP_HONO_2016_R8,KIUC_KESRP_HONO_2016,2016,HAPE,BAR1,BAR1_audit_HAPE_21Apr_10,BAR1,1,\\NAS1/NAS3_2Mar15/All_HAPE/mnt/NAS5_6Jun16/Figs/KIUC_KESRP_HONO_2016_R8/BAR1/BAR1.fig
//NAS1/NAS3_2Mar15/All_HAPE/mnt/NAS5_6Jun16/Figs/KIUC_KESRP_HONO_2016_R8/BAR1/BAR1_audit_HAPE_21Apr.csv,KIUC_KESRP_HONO_2016_R8,KIUC_KESRP_HONO_2016,2016,HAPE,BAR1,BAR1_audit_HAPE_21Apr,BAR1,0,\\NAS1/NAS3_2Mar15/All_HAPE/mnt/NAS5_6Jun16/Figs/KIUC_KESRP_HONO_2016_R8/BAR1/BAR1.fig
//NAS1/NAS3_2Mar15/All_HAPE/mnt/NAS5_6Jun16/Figs/KIUC_KESRP_HONO_2017_R1/NBOG1_18_May2017/NBOG1_18_May2017_audit_HAPE_21Apr_KJD.csv,KIUC_KESRP_HONO_2017_R1,KIUC_KESRP_HONO_2017,2017,HAPE,NBOG1_18_May2017,NBOG1_18_May2017_audit_HAPE_21Apr_KJD,NBOG1_18_May2017,1,\\NAS1/NAS3_2Mar15/All_HAPE/mnt/NAS5_6Jun16/Figs/KIUC_KESRP_HONO_2017_R1/NBOG1_18_May2017/NBOG1_18_May2017.fig
//NAS1/NAS3_2Mar15/All_HAPE/mnt/NAS5_6Jun16/Figs/KIUC_KESRP_HONO_2017_R1/NBOG1_18_May2017/NBOG1_18_May2017_audit_HAPE_21Apr_npg.csv,KIUC_KESRP_HONO_2017_R1,KIUC_KESRP_HONO_2017,2017,HAPE,NBOG1_18_May2017,NBOG1_18_May2017_audit_HAPE_21Apr_npg,NBOG1_18_May2017,0,\\NAS1/NAS3_2Mar15/All_HAPE/mnt/NAS5_6Jun16/Figs/KIUC_KESRP_HONO_2017_R1/NBOG1_18_May2017/NBOG1_18_May2017.fig
//NAS1/NAS3_2Mar15/All_HAPE/mnt/NAS5_6Jun16/Figs/KIUC_KESRP_HONO_2017_R1/NBOG1_18_May2017/NBOG1_18_May2017_audit_HAPE_21Apr_DTS.csv,KIUC_KESRP_HONO_2017_R1,KIUC_KESRP_HONO_2017,2017,HAPE,NBOG1_18_May2017,NBOG1_18_May2017_audit_HAPE_21Apr_DTS,NBOG1_18_May2017,0,\\NAS1/NAS3_2Mar15/All_HAPE/mnt/NAS5_6Jun16/Figs/KIUC_KESRP_HONO_2017_R1/NBOG1_18_May2017/NBOG1_18_May2017.fig
//NAS1/NAS3_2Mar15/All_HAPE/mnt/NAS5_6Jun16/Figs/KIUC_KESRP_HONO_2017_R1/POHK10_16_May2017/POHK10_16_May2017_audit_HAPE_21Apr_KJD.csv,KIUC_KESRP_HONO_2017_R1,KIUC_KESRP_HONO_2017,2017,HAPE,POHK10_16_May2017,POHK10_16_May2017_audit_HAPE_21Apr_KJD,POHK10_16_May2017,1,\\NAS1/NAS3_2Mar15/All_HAPE/mnt/NAS5_6Jun16/Figs/KIUC_KESRP_HONO_2017_R1/POHK10_16_May2017/POHK10_16_May2017.fig
//NAS1/NAS3_2Mar15/All_HAPE/mnt/NAS5_6Jun16/Figs/KIUC_KESRP_HONO_2017_R1/POHK10_16_May2017/POHK10_16_May2017_audit_HAPE_21Apr_npg.csv,KIUC_KESRP_HONO_2017_R1,KIUC_KESRP_HONO_2017,2017,HAPE,POHK10_16_May2017,POHK10_16_May2017_audit_HAPE_21Apr_npg,POHK10_16_May2017,0,\\NAS1/NAS3_2Mar15/All_HAPE/mnt/NAS5_6Jun16/Figs/KIUC_KESRP_HONO_2017_R1/POHK10_16_May2017/POHK10_16_May2017.fig
//NAS1/NAS3_2Mar15/All_HAPE/mnt/NAS5_6Jun16/Figs/KIUC_KESRP_HONO_2017_R1/POHK10_16_May2017/POHK10_16_May2017_audit_HAPE_21Apr_DTS.csv,KIUC_KESRP_HONO_2017_R1,KIUC_KESRP_HONO_2017,2017,HAPE,POHK10_16_May2017,POHK10_16_May2017_audit_HAPE_21Apr_DTS,POHK10_16_May2017,0,\\NAS1/NAS3_2Mar15/All_HAPE/mnt/NAS5_6Jun16/Figs/KIUC_KESRP_HONO_2017_R1/POHK10_16_May2017/POHK10_16_May2017.fig
//NAS1/NAS3_2Mar15/All_HAPE/mnt/NAS6_5Jun17/Figs/KIUC_KESRP_HONO_2017_R3/POHK5_4_August2017/POHK5_4_August2017_audit_HAPE_21Apr.csv,KIUC_KESRP_HONO_2017_R3,KIUC_KESRP_HONO_2017,2017,HAPE,POHK5_4_August2017,POHK5_4_August2017_audit_HAPE_21Apr,POHK5_4_August2017,1,\\NAS1/NAS3_2Mar15/All_HAPE/mnt/NAS6_5Jun17/Figs/KIUC_KESRP_HONO_2017_R3/POHK5_4_August2017/POHK5_4_August2017.fig
//NAS1/NAS3_2Mar15/All_HAPE/mnt/NAS6_5Jun17/Figs/KIUC_KESRP_HONO_2017_R3/POHK5_4_August2017/POHK5_4_August2017_audit_HAPE_06Oct16_V1.csv,KIUC_KESRP_HONO_2017_R3,KIUC_KESRP_HONO_2017,2017,HAPE,POHK5_4_August2017,POHK5_4_August2017_audit_HAPE_06Oct16_V1,POHK5_4_August2017,0,\\NAS1/NAS3_2Mar15/All_HAPE/mnt/NAS6_5Jun17/Figs/KIUC_KESRP_HONO_2017_R3/POHK5_4_August2017/POHK5_4_August2017.fig
